method_id,method,all,,LETOR 2.0 OHSUMED,,LETOR 3.0 OHSUMED,,LETOR 2.0 TD2003,,LETOR 3.0 TD2003,,LETOR 2.0 TD2004,,LETOR 3.0 TD2004,,NP2003,,NP2004,,HP2003,,HP2004,,MQ2007,,MQ2008,,MSLR-WEB10k,,MSLR-WEB30k,,Yandex IMC,,AOL,,Yahoo Set 1,,Yahoo Set 2,,WCL2R FS,,WCL2R NC,,,Mean,,Std. Dev,,Median,,Q1,,Q3,,Max,,Min,
,,NWN,IWN,NWN,IWN,NWN,IWN,NWN,IWN,NWN,IWN,NWN,IWN,NWN,IWN,NWN,IWN,NWN,IWN,NWN,IWN,NWN,IWN,NWN,IWN,NWN,IWN,NWN,IWN,NWN,IWN,NWN,IWN,NWN,IWN,NWN,IWN,NWN,IWN,NWN,IWN,NWN,IWN,,NWN,IWN,NWN,IWN,NWN,IWN,NWN,IWN,NWN,IWN,NWN,IWN,NWN,IWN
1,AdaRank-MAP,940,0.35531915,899,0.3592881,786,0.36005089,893,0.37290034,825,0.38181818,902,0.36585366,830,0.35180723,885,0.36610169,858,0.36713287,885,0.3220339,858,0.2972028,859,0.3806752,869,0.33831991,940,0.35531915,940,0.35531915,940,0.35531915,940,0.35531915,931,0.3566058,940,0.35531915,940,0.35531915,940,0.35531915,,893,0.355351231,45.48406314,0.018503421,896,0.35531915,858.75,0.35531915,940,0.365915668,940,0.38181818,786,0.2972028
2,AdaRank-NDCG,954,0.30922432,913,0.31872946,800,0.28,907,0.30981257,839,0.33492253,916,0.3220524,844,0.31753555,899,0.32035595,872,0.31880734,899,0.30812013,872,0.28669725,873,0.32187858,883,0.26613817,950,0.31052632,950,0.31052632,954,0.30922432,954,0.30922432,945,0.31111111,948,0.30801688,954,0.30922432,954,0.30922432,,906.3,0.309106392,44.78738662,0.015145793,910,0.310169445,872.75,0.308948273,950,0.31874893,954,0.33492253,800,0.26613817
3,ADMM,9,0.44444444,9,0.44444444,9,0.44444444,9,0.44444444,9,0.44444444,9,0.44444444,9,0.44444444,9,0.44444444,9,0.44444444,9,0.44444444,9,0.44444444,9,0.44444444,9,0.44444444,9,0.44444444,9,0.44444444,9,0.44444444,9,0.44444444,,,9,0.44444444,9,0.44444444,9,0.44444444,,9,0.44444444,0,5.55E-17,9,0.44444444,9,0.44444444,9,0.44444444,9,0.44444444,9,0.44444444
4,ApproxAP,66,0.5,66,0.5,66,0.5,66,0.5,34,0.23529412,66,0.5,32,0.78125,66,0.5,66,0.5,66,0.5,66,0.5,66,0.5,66,0.5,66,0.5,66,0.5,66,0.5,66,0.5,66,0.5,66,0.5,66,0.5,66,0.5,,62.7,0.500827206,9.905049217,0.086358868,66,0.5,66,0.5,66,0.5,66,0.78125,32,0.23529412
5,ApproxNDCG,116,0.80172414,116,0.80172414,,,116,0.80172414,116,0.80172414,116,0.80172414,116,0.80172414,116,0.80172414,116,0.80172414,116,0.80172414,116,0.80172414,116,0.80172414,116,0.80172414,116,0.80172414,116,0.80172414,116,0.80172414,116,0.80172414,116,0.80172414,116,0.80172414,116,0.80172414,116,0.80172414,,116,0.80172414,0,4.44E-16,116,0.80172414,116,0.80172414,116,0.80172414,116,0.80172414,116,0.80172414
6,BagBoo,128,0.7578125,128,0.7578125,128,0.7578125,128,0.7578125,128,0.7578125,128,0.7578125,41,0.7804878,128,0.7578125,128,0.7578125,128,0.7578125,128,0.7578125,87,0.74712644,128,0.7578125,128,0.7578125,128,0.7578125,128,0.7578125,128,0.7578125,128,0.7578125,128,0.7578125,128,0.7578125,128,0.7578125,,121.6,0.758411962,20.53143931,0.005573033,128,0.7578125,128,0.7578125,128,0.7578125,128,0.7804878,41,0.74712644
7,Best Single Feature,161,0.16149068,161,0.16149068,161,0.16149068,161,0.16149068,132,0.18181818,161,0.16149068,138,0.06521739,147,0.17006803,140,0.18571429,146,0.17123288,140,0.15714286,139,0.17985612,145,0.17931034,161,0.16149068,161,0.16149068,161,0.16149068,161,0.16149068,161,0.16149068,161,0.16149068,161,0.16149068,161,0.16149068,,152.95,0.161412413,10.28822142,0.023569715,161,0.16149068,143.75,0.16149068,161,0.170359243,161,0.18571429,132,0.06521739
8,BL-MART,81,0.77777778,130,0.81538462,130,0.81538462,130,0.81538462,130,0.81538462,130,0.81538462,43,0.88372093,130,0.81538462,130,0.81538462,130,0.81538462,130,0.81538462,89,0.78651685,130,0.81538462,128,0.8125,130,0.81538462,130,0.81538462,130,0.81538462,130,0.81538462,130,0.81538462,130,0.81538462,130,0.81538462,,123.5,0.817213816,20.50487747,0.016499396,130,0.81538462,130,0.81538462,130,0.81538462,130,0.88372093,43,0.78651685
9,BoltzRank-Pair,351,0.72934473,351,0.72934473,233,0.63948498,351,0.72934473,319,0.78056426,351,0.72934473,264,0.76893939,351,0.72934473,351,0.72934473,351,0.72934473,351,0.72934473,292,0.73972603,296,0.69932432,351,0.72934473,351,0.72934473,351,0.72934473,351,0.72934473,351,0.72934473,351,0.72934473,351,0.72934473,351,0.72934473,,333.45,0.728410497,33.81046436,0.025746352,351,0.72934473,343,0.72934473,351,0.72934473,351,0.78056426,233,0.63948498
10,BoltzRank-single,351,0.61253561,351,0.61253561,233,0.48927039,351,0.61253561,319,0.6645768,351,0.61253561,264,0.6780303,351,0.61253561,351,0.61253561,351,0.61253561,351,0.61253561,292,0.6130137,296,0.59459459,351,0.61253561,351,0.61253561,351,0.61253561,351,0.61253561,351,0.61253561,351,0.61253561,351,0.61253561,351,0.61253561,,333.45,0.611375997,33.81046436,0.033531604,351,0.61253561,343,0.61253561,351,0.61253561,351,0.6780303,233,0.48927039
11,BT,99,0.75757576,66,0.72727273,99,0.75757576,63,0.80952381,99,0.75757576,69,0.73913043,99,0.75757576,99,0.75757576,99,0.75757576,99,0.75757576,99,0.75757576,99,0.75757576,99,0.75757576,99,0.75757576,99,0.75757576,99,0.75757576,99,0.75757576,99,0.75757576,99,0.75757576,99,0.75757576,99,0.75757576,,94.05,0.757735745,11.82148468,0.014065191,99,0.75757576,99,0.75757576,99,0.75757576,99,0.80952381,63,0.72727273
12,CA,20,0.95,10,0.9,20,0.95,20,0.95,20,0.95,10,1,20,0.95,20,0.95,20,0.95,20,0.95,20,0.95,20,0.95,20,0.95,20,0.95,20,0.95,20,0.95,20,0.95,20,0.95,20,0.95,20,0.95,20,0.95,,19,0.95,3,0.015811388,20,0.95,20,0.95,20,0.95,20,1,10,0.9
13,CCRank,23,0.65217391,23,0.65217391,23,0.65217391,23,0.65217391,23,0.65217391,23,0.65217391,23,0.65217391,23,0.65217391,23,0.65217391,23,0.65217391,23,0.65217391,23,0.65217391,23,0.65217391,19,0.63157895,19,0.63157895,23,0.65217391,23,0.65217391,14,0.71428571,17,0.64705882,23,0.65217391,23,0.65217391,,21.85,0.65296425,2.475378759,0.01536205,23,0.65217391,23,0.65217391,23,0.65217391,23,0.71428571,14,0.63157895
14,C-CRF,39,0.61538462,39,0.61538462,39,0.61538462,39,0.61538462,39,0.61538462,39,0.61538462,39,0.61538462,39,0.61538462,39,0.61538462,39,0.61538462,39,0.61538462,18,0.72222222,21,0.52380952,39,0.61538462,39,0.61538462,39,0.61538462,39,0.61538462,39,0.61538462,39,0.61538462,39,0.61538462,39,0.61538462,,37.05,0.616147745,5.869199264,0.031455226,39,0.61538462,39,0.61538462,39,0.61538462,39,0.72222222,18,0.52380952
15,CoList,8,0.375,8,0.375,8,0.375,8,0.375,8,0.375,8,0.375,8,0.375,8,0.375,8,0.375,8,0.375,8,0.375,8,0.375,8,0.375,8,0.375,8,0.375,8,0.375,8,0.375,8,0.375,,,8,0.375,8,0.375,,8,0.375,0,0,8,0.375,8,0.375,8,0.375,8,0.375,8,0.375
16,Consistent-RankCosine,13,0.76923077,13,0.76923077,13,0.76923077,13,0.76923077,13,0.76923077,13,0.76923077,13,0.76923077,13,0.76923077,13,0.76923077,13,0.76923077,13,0.76923077,13,0.76923077,13,0.76923077,13,0.76923077,9,1,13,0.76923077,13,0.76923077,4,0.25,13,0.76923077,13,0.76923077,13,0.76923077,,12.35,0.754807693,2.104162541,0.126232826,13,0.76923077,13,0.76923077,13,0.76923077,13,1,4,0.25
17,DCMP,587,0.54855196,587,0.54855196,471,0.6433121,587,0.54855196,504,0.57738095,587,0.54855196,511,0.58317025,548,0.51642336,527,0.51043643,547,0.53199269,527,0.5256167,527,0.52371917,534,0.53932584,587,0.54855196,587,0.54855196,587,0.54855196,587,0.54855196,587,0.54855196,587,0.54855196,587,0.54855196,587,0.54855196,,557.65,0.549272453,35.79284146,0.027373074,587,0.54855196,527,0.537492553,587,0.54855196,587,0.6433121,471,0.51043643
18,DirectRank,13,0.92307692,13,0.92307692,13,0.92307692,13,0.92307692,13,0.92307692,13,0.92307692,13,0.92307692,13,0.92307692,13,0.92307692,13,0.92307692,13,0.92307692,13,0.92307692,13,0.92307692,13,0.92307692,9,0.88888889,13,0.92307692,13,0.92307692,4,1,13,0.92307692,13,0.92307692,13,0.92307692,,12.35,0.925213673,2.104162541,0.01870116,13,0.92307692,13,0.92307692,13,0.92307692,13,1,4,0.88888889
19,EnergyNDCG,131,0.38931298,131,0.38931298,15,0.8,131,0.38931298,131,0.38931298,131,0.38931298,131,0.38931298,131,0.38931298,131,0.38931298,131,0.38931298,131,0.38931298,131,0.38931298,131,0.38931298,131,0.38931298,131,0.38931298,116,0.3362069,116,0.3362069,131,0.38931298,131,0.38931298,131,0.38931298,131,0.38931298,,123.7,0.404536723,25.33791625,0.092105671,131,0.38931298,131,0.38931298,131,0.38931298,131,0.8,15,0.3362069
20,FBPCRank,170,0.48823529,170,0.48823529,90,0.37777778,170,0.48823529,170,0.48823529,170,0.48823529,117,0.5042735,170,0.48823529,170,0.48823529,170,0.48823529,170,0.48823529,170,0.48823529,133,0.54887218,170,0.48823529,170,0.48823529,170,0.48823529,170,0.48823529,170,0.48823529,170,0.48823529,170,0.48823529,170,0.48823529,,161.5,0.48654617,21.3693706,0.028353003,170,0.48823529,170,0.48823529,170,0.48823529,170,0.54887218,90,0.37777778
21,FenchelRank,505,0.73069307,505,0.73069307,351,0.70655271,505,0.73069307,422,0.76303318,505,0.73069307,471,0.74734607,505,0.73069307,423,0.73049645,490,0.73265306,423,0.69739953,505,0.73069307,450,0.73111111,505,0.73069307,505,0.73069307,505,0.73069307,505,0.73069307,505,0.73069307,505,0.73069307,505,0.73069307,505,0.73069307,,479.75,0.730380101,42.25384598,0.012281119,505,0.73069307,465.75,0.73069307,505,0.73069307,505,0.76303318,351,0.69739953
22,FocusedBoost,143,0.51048951,143,0.51048951,143,0.51048951,143,0.51048951,60,0.45,143,0.51048951,143,0.51048951,143,0.51048951,143,0.51048951,143,0.51048951,143,0.51048951,83,0.55421687,143,0.51048951,143,0.51048951,143,0.51048951,143,0.51048951,143,0.51048951,143,0.51048951,143,0.51048951,143,0.51048951,143,0.51048951,,135.85,0.509651403,21.7560911,0.016668855,143,0.51048951,143,0.51048951,143,0.51048951,143,0.55421687,60,0.45
23,FocusedNet,143,0.65734266,143,0.65734266,143,0.65734266,143,0.65734266,60,0.7,143,0.65734266,143,0.65734266,143,0.65734266,143,0.65734266,143,0.65734266,143,0.65734266,83,0.62650602,143,0.65734266,143,0.65734266,143,0.65734266,143,0.65734266,143,0.65734266,143,0.65734266,143,0.65734266,143,0.65734266,143,0.65734266,,135.85,0.657933695,21.7560911,0.011754915,143,0.65734266,143,0.65734266,143,0.65734266,143,0.7,60,0.62650602
24,FocusedSVM,143,0.38461538,143,0.38461538,143,0.38461538,143,0.38461538,60,0.28333333,143,0.38461538,143,0.38461538,143,0.38461538,143,0.38461538,143,0.38461538,143,0.38461538,83,0.45783133,143,0.38461538,143,0.38461538,143,0.38461538,143,0.38461538,143,0.38461538,143,0.38461538,143,0.38461538,143,0.38461538,143,0.38461538,,135.85,0.383212075,21.7560911,0.027909894,143,0.38461538,143,0.38461538,143,0.38461538,143,0.45783133,60,0.28333333
25,FP-Rank,20,0.9,20,0.9,20,0.9,20,0.9,20,0.9,20,0.9,20,0.9,20,0.9,20,0.9,20,0.9,20,0.9,20,0.9,,,20,0.9,20,0.9,20,0.9,20,0.9,20,0.9,20,0.9,20,0.9,20,0.9,,20,0.9,0,0,20,0.9,20,0.9,20,0.9,20,0.9,20,0.9
26,Frank,842,0.28978622,801,0.27340824,688,0.28924419,795,0.27924528,727,0.3301238,804,0.27487562,732,0.25,787,0.29733164,760,0.30526316,787,0.30368488,760,0.28815789,779,0.29781772,842,0.28978622,842,0.28978622,842,0.28978622,842,0.28978622,842,0.28978622,842,0.28978622,842,0.28978622,842,0.28978622,842,0.28978622,,799.9,0.28986142,46.04009122,0.014779578,802.5,0.28978622,774.25,0.288972615,842,0.291672575,842,0.3301238,688,0.25
27,FSMRank,482,0.7593361,482,0.7593361,328,0.7652439,482,0.7593361,482,0.7593361,482,0.7593361,448,0.78348214,466,0.77253219,400,0.7225,482,0.7593361,400,0.7225,439,0.77220957,411,0.77128954,482,0.7593361,482,0.7593361,482,0.7593361,482,0.7593361,482,0.7593361,482,0.7593361,482,0.7593361,482,0.7593361,,457.9,0.759056332,41.13988333,0.013807448,482,0.7593361,445.75,0.7593361,482,0.76081305,482,0.78348214,328,0.7225
28,FSMSVM,389,0.38303342,389,0.38303342,235,0.43829787,389,0.38303342,389,0.38303342,389,0.38303342,389,0.38303342,389,0.38303342,307,0.33224756,389,0.38303342,307,0.36807818,389,0.38303342,318,0.40566038,389,0.38303342,389,0.38303342,389,0.38303342,389,0.38303342,389,0.38303342,389,0.38303342,389,0.38303342,389,0.38303342,,369.55,0.383640936,41.61667334,0.017834826,389,0.38303342,389,0.38303342,389,0.38303342,389,0.43829787,235,0.33224756
29,GAS-E,389,0.42930591,389,0.42930591,235,0.41276596,389,0.42930591,389,0.42930591,389,0.42930591,389,0.42930591,389,0.42930591,307,0.45602606,389,0.42930591,307,0.42345277,389,0.42930591,318,0.42138365,389,0.42930591,389,0.42930591,389,0.42930591,389,0.42930591,389,0.42930591,389,0.42930591,389,0.42930591,389,0.42930591,,369.55,0.42912615,41.61667334,0.007361765,389,0.42930591,389,0.42930591,389,0.42930591,389,0.45602606,235,0.41276596
30,GP,12,0.58333333,12,0.58333333,12,0.58333333,12,0.58333333,12,0.58333333,12,0.58333333,12,0.58333333,12,0.58333333,12,0.58333333,12,0.58333333,12,0.58333333,12,0.58333333,12,0.58333333,12,0.58333333,12,0.58333333,12,0.58333333,12,0.58333333,12,0.58333333,12,0.58333333,6,0.66666667,6,0.5,,11.4,0.583333331,1.8,0.026352314,12,0.58333333,12,0.58333333,12,0.58333333,12,0.66666667,6,0.5
31,GPRank,379,0.77308707,379,0.77308707,225,0.79111111,379,0.77308707,264,0.80681818,379,0.77308707,269,0.72490706,379,0.77308707,379,0.77308707,379,0.77308707,379,0.77308707,379,0.77308707,379,0.77308707,379,0.77308707,379,0.77308707,379,0.77308707,379,0.77308707,379,0.77308707,379,0.77308707,379,0.77308707,379,0.77308707,,360.05,0.773265827,45.74874315,0.013753778,379,0.77308707,379,0.77308707,379,0.77308707,379,0.80681818,225,0.72490706
32,GRankRLS,38,0.28947368,38,0.28947368,38,0.28947368,38,0.28947368,38,0.28947368,38,0.28947368,38,0.28947368,38,0.28947368,38,0.28947368,38,0.28947368,38,0.28947368,16,0.0625,22,0.45454545,38,0.28947368,38,0.28947368,38,0.28947368,38,0.28947368,38,0.28947368,38,0.28947368,38,0.28947368,38,0.28947368,,36.1,0.286378585,5.778408085,0.062679402,38,0.28947368,38,0.28947368,38,0.28947368,38,0.45454545,16,0.0625
33,GroupCE,288,0.72569444,288,0.72569444,174,0.70114943,288,0.72569444,199,0.71356784,288,0.72569444,203,0.75862069,288,0.72569444,288,0.72569444,288,0.72569444,288,0.72569444,288,0.72569444,288,0.72569444,288,0.72569444,288,0.72569444,288,0.72569444,288,0.72569444,288,0.72569444,288,0.72569444,288,0.72569444,288,0.72569444,,273.6,0.725507172,34.63726317,0.009573266,288,0.72569444,288,0.72569444,288,0.72569444,288,0.75862069,174,0.70114943
34,GroupMLE,288,0.60069444,288,0.60069444,174,0.56321839,288,0.60069444,199,0.54271357,288,0.60069444,203,0.68965517,288,0.60069444,288,0.60069444,288,0.60069444,288,0.60069444,288,0.60069444,288,0.60069444,288,0.60069444,288,0.60069444,288,0.60069444,288,0.60069444,288,0.60069444,288,0.60069444,288,0.60069444,288,0.60069444,,273.6,0.600369631,34.63726317,0.025177507,288,0.60069444,288,0.60069444,288,0.60069444,288,0.68965517,174,0.54271357
35,IntervalRank,118,0.43220339,118,0.43220339,,,118,0.43220339,118,0.43220339,118,0.43220339,118,0.43220339,118,0.43220339,118,0.43220339,118,0.43220339,118,0.43220339,118,0.43220339,118,0.43220339,118,0.43220339,118,0.43220339,118,0.43220339,118,0.43220339,118,0.43220339,118,0.43220339,118,0.43220339,118,0.43220339,,118,0.43220339,0,1.11E-16,118,0.43220339,118,0.43220339,118,0.43220339,118,0.43220339,118,0.43220339
36,IPRank,423,0.85106383,408,0.8504902,269,0.82527881,407,0.86977887,308,0.88311688,410,0.84878049,313,0.82108626,423,0.85106383,423,0.85106383,423,0.85106383,423,0.85106383,423,0.85106383,423,0.85106383,423,0.85106383,423,0.85106383,423,0.85106383,423,0.85106383,423,0.85106383,423,0.85106383,423,0.85106383,423,0.85106383,,401.85,0.850671257,45.13565664,0.012131845,423,0.85106383,409.5,0.85106383,423,0.85106383,423,0.88311688,269,0.82108626
37,KeepRank,104,0.53846154,104,0.53846154,66,0.5,104,0.53846154,72,0.5,104,0.53846154,70,0.61428571,104,0.53846154,104,0.53846154,104,0.53846154,104,0.53846154,104,0.53846154,104,0.53846154,104,0.53846154,104,0.53846154,104,0.53846154,104,0.53846154,104,0.53846154,104,0.53846154,104,0.53846154,104,0.53846154,,98.8,0.538406595,12.41611856,0.02086603,104,0.53846154,104,0.53846154,104,0.53846154,104,0.61428571,66,0.5
38,Kernel-PCA,91,0.28571429,91,0.28571429,51,0.45098039,91,0.28571429,65,0.29230769,91,0.28571429,66,0.15151515,91,0.28571429,91,0.28571429,91,0.28571429,91,0.28571429,91,0.28571429,91,0.28571429,91,0.28571429,91,0.28571429,91,0.28571429,91,0.28571429,91,0.28571429,91,0.28571429,91,0.28571429,91,0.28571429,,86.45,0.287597308,11.15112102,0.047589311,91,0.28571429,91,0.28571429,91,0.28571429,91,0.45098039,51,0.15151515
39,KL-CRF,75,0.58666667,75,0.58666667,75,0.58666667,75,0.58666667,75,0.58666667,75,0.58666667,75,0.58666667,75,0.58666667,75,0.58666667,75,0.58666667,75,0.58666667,37,0.64864865,38,0.52631579,75,0.58666667,75,0.58666667,75,0.58666667,75,0.58666667,75,0.58666667,75,0.58666667,75,0.58666667,75,0.58666667,,71.25,0.586748225,11.25111106,0.019344071,75,0.58666667,75,0.58666667,75,0.58666667,75,0.64864865,37,0.52631579
40,Ridge Regression,341,0.34604106,653,0.34762634,499,0.37675351,653,0.34762634,538,0.32156134,653,0.34762634,543,0.4106814,598,0.31103679,571,0.31523643,598,0.31939799,571,0.38704028,653,0.34762634,653,0.34762634,653,0.34762634,653,0.34762634,653,0.34762634,653,0.34762634,653,0.34762634,653,0.34762634,653,0.34762634,653,0.34762634,,620.35,0.348042508,48.58937641,0.022625707,653,0.34762634,591.25,0.34762634,653,0.34762634,653,0.4106814,499,0.31103679
41,LAC-MR-OR,235,0.76170213,220,0.75,197,0.75634518,219,0.74885845,203,0.74876847,222,0.74774775,201,0.76119403,219,0.74885845,213,0.78403756,220,0.77727273,213,0.78403756,235,0.76170213,235,0.76170213,235,0.76170213,235,0.76170213,235,0.76170213,235,0.76170213,235,0.76170213,235,0.76170213,229,0.75982533,229,0.77292576,,223.25,0.761674416,12.31614794,0.010553395,225.5,0.76170213,217.5,0.754758885,235,0.76170213,235,0.78403756,197,0.74774775
42,LambdaMART,109,0.56880734,109,0.56880734,109,0.56880734,109,0.56880734,109,0.56880734,109,0.56880734,47,0.65957447,109,0.56880734,109,0.56880734,109,0.56880734,109,0.56880734,68,0.51470588,109,0.56880734,103,0.5631068,109,0.56880734,109,0.56880734,109,0.56880734,109,0.56880734,109,0.56880734,109,0.56880734,109,0.56880734,,103.55,0.570355597,15.75904502,0.023611643,109,0.56880734,109,0.56880734,109,0.56880734,109,0.65957447,47,0.51470588
43,LambdaNeuralRank,15,1,15,1,15,1,15,1,15,1,15,1,15,1,15,1,15,1,15,1,15,1,15,1,15,1,15,1,15,1,,,,,15,1,15,1,15,1,15,1,,15,1,0,0,15,1,15,1,15,1,15,1,15,1
44,LambdaRank,24,0.41666667,24,0.41666667,24,0.41666667,24,0.41666667,24,0.41666667,24,0.41666667,24,0.41666667,24,0.41666667,24,0.41666667,24,0.41666667,24,0.41666667,24,0.41666667,24,0.41666667,24,0.41666667,24,0.41666667,9,0.77777778,9,0.77777778,15,0.2,24,0.41666667,24,0.41666667,24,0.41666667,,22.05,0.441944448,4.769433929,0.121442907,24,0.41666667,24,0.41666667,24,0.41666667,24,0.77777778,9,0.2
45,LARF,379,0.98680739,379,0.98680739,225,0.99555556,379,0.98680739,264,0.98484848,379,0.98680739,269,0.98141264,379,0.98680739,379,0.98680739,379,0.98680739,379,0.98680739,379,0.98680739,379,0.98680739,379,0.98680739,379,0.98680739,379,0.98680739,379,0.98680739,379,0.98680739,379,0.98680739,379,0.98680739,379,0.98680739,,360.05,0.986877116,45.74874315,0.002338524,379,0.98680739,379,0.98680739,379,0.98680739,379,0.99555556,225,0.98141264
46,ListMLE,240,0.0125,240,0.0125,126,0,240,0.0125,179,0.01675978,240,0.0125,183,0.01639344,240,0.0125,240,0.0125,240,0.0125,240,0.0125,240,0.0125,240,0.0125,240,0.0125,240,0.0125,240,0.0125,240,0.0125,240,0.0125,232,0.01293103,240,0.0125,240,0.0125,,228,0.012304213,29.28310093,0.003073872,240,0.0125,240,0.0125,240,0.0125,240,0.01675978,126,0
47,ListNet,931,0.49516649,890,0.48988764,777,0.54954955,884,0.47171946,816,0.48529412,893,0.49832027,821,0.52375152,876,0.48515982,849,0.4770318,876,0.46803653,849,0.5041225,850,0.49764706,860,0.49883721,931,0.49516649,931,0.49516649,931,0.49516649,931,0.49516649,931,0.49516649,931,0.49516649,931,0.49516649,931,0.49516649,,884.45,0.49553447,45.90040849,0.016914232,887,0.49516649,849.75,0.48873926,931,0.497815363,931,0.54954955,777,0.46803653
48,ListReg,291,0.61168385,291,0.61168385,173,0.60115607,291,0.61168385,205,0.57073171,291,0.61168385,204,0.66176471,291,0.61168385,291,0.61168385,291,0.61168385,291,0.61168385,291,0.61168385,291,0.61168385,291,0.61168385,291,0.61168385,291,0.61168385,291,0.61168385,291,0.61168385,291,0.61168385,291,0.61168385,291,0.61168385,,276.45,0.611613897,35.11050413,0.014655897,291,0.61168385,291,0.61168385,291,0.61168385,291,0.66176471,173,0.57073171
49,LRUF,460,0.97826087,460,0.97826087,306,0.96732026,460,0.97826087,345,0.97971014,460,0.97826087,350,0.99142857,460,0.97826087,460,0.97826087,460,0.97826087,460,0.97826087,379,0.97361478,460,0.97826087,460,0.97826087,460,0.97826087,460,0.97826087,460,0.97826087,460,0.97826087,460,0.97826087,460,0.97826087,460,0.97826087,,437,0.978212384,47.4457585,0.003979477,460,0.97826087,460,0.97826087,460,0.97826087,460,0.99142857,306,0.96732026
50,MCP,70,0.57142857,70,0.57142857,32,0.40625,70,0.57142857,38,0.71052632,70,0.57142857,70,0.57142857,70,0.57142857,70,0.57142857,70,0.57142857,70,0.57142857,70,0.57142857,70,0.57142857,70,0.57142857,70,0.57142857,70,0.57142857,70,0.57142857,70,0.57142857,70,0.57142857,70,0.57142857,70,0.57142857,,66.5,0.570124529,10.54277003,0.048269107,70,0.57142857,70,0.57142857,70,0.57142857,70,0.71052632,32,0.40625
51,MHR,41,0.41463415,,,41,0.41463415,41,0.41463415,41,0.41463415,41,0.41463415,41,0.41463415,41,0.41463415,41,0.41463415,41,0.41463415,41,0.41463415,41,0.41463415,41,0.41463415,41,0.41463415,41,0.41463415,41,0.41463415,41,0.41463415,41,0.41463415,41,0.41463415,41,0.41463415,41,0.41463415,,41,0.41463415,0,2.22E-16,41,0.41463415,41,0.41463415,41,0.41463415,41,0.41463415,41,0.41463415
52,MultiStageBoost,44,0.13636364,44,0.13636364,44,0.13636364,44,0.13636364,44,0.13636364,44,0.13636364,44,0.13636364,44,0.13636364,22,0.18181818,44,0.13636364,22,0.09090909,44,0.13636364,44,0.13636364,44,0.13636364,44,0.13636364,44,0.13636364,44,0.13636364,44,0.13636364,44,0.13636364,44,0.13636364,44,0.13636364,,41.8,0.13636364,6.6,0.014373989,44,0.13636364,44,0.13636364,44,0.13636364,44,0.18181818,22,0.09090909
53,NewLoss,275,0.45090909,275,0.45090909,159,0.50314465,275,0.45090909,192,0.52083333,275,0.45090909,199,0.34170854,275,0.45090909,275,0.45090909,275,0.45090909,275,0.45090909,275,0.45090909,275,0.45090909,275,0.45090909,275,0.45090909,275,0.45090909,275,0.45090909,275,0.45090909,275,0.45090909,275,0.45090909,275,0.45090909,,261.25,0.451557053,33.42136293,0.031252453,275,0.45090909,275,0.45090909,275,0.45090909,275,0.52083333,159,0.34170854
54,OWPC,263,0.63498099,263,0.63498099,263,0.63498099,263,0.63498099,203,0.591133,263,0.63498099,201,0.71641791,234,0.67521368,221,0.59276018,235,0.65531915,221,0.57918552,263,0.63498099,263,0.63498099,263,0.63498099,263,0.63498099,263,0.63498099,263,0.63498099,263,0.63498099,263,0.63498099,263,0.63498099,263,0.63498099,,249.85,0.634988165,21.37586256,0.027823244,263,0.63498099,234.75,0.63498099,263,0.63498099,263,0.71641791,201,0.57918552
55,RankELM (pairwise),186,0.60215054,186,0.60215054,32,0.59375,186,0.60215054,154,0.6038961,186,0.60215054,186,0.60215054,186,0.60215054,186,0.60215054,186,0.60215054,186,0.60215054,186,0.60215054,186,0.60215054,186,0.60215054,186,0.60215054,186,0.60215054,186,0.60215054,186,0.60215054,186,0.60215054,186,0.60215054,186,0.60215054,,176.7,0.601817791,33.91916862,0.001889466,186,0.60215054,186,0.60215054,186,0.60215054,186,0.6038961,32,0.59375
56,PERF-MAP,460,0.41956522,460,0.41956522,306,0.46732026,460,0.41956522,345,0.46376812,460,0.41956522,350,0.3,460,0.41956522,460,0.41956522,460,0.41956522,460,0.41956522,379,0.45118734,460,0.41956522,460,0.41956522,460,0.41956522,460,0.41956522,460,0.41956522,460,0.41956522,460,0.41956522,460,0.41956522,460,0.41956522,,437,0.419765962,47.4457585,0.031248548,460,0.41956522,460,0.41956522,460,0.41956522,460,0.46732026,306,0.3
57,PermuRank,44,0.40909091,29,0.48275862,44,0.40909091,28,0.35714286,44,0.40909091,31,0.38709677,44,0.40909091,44,0.40909091,44,0.40909091,44,0.40909091,44,0.40909091,44,0.40909091,44,0.40909091,44,0.40909091,44,0.40909091,44,0.40909091,44,0.40909091,44,0.40909091,44,0.40909091,44,0.40909091,44,0.40909091,,41.8,0.409077186,5.259277517,0.020747614,44,0.40909091,44,0.40909091,44,0.40909091,44,0.48275862,28,0.35714286
58,RankELM (pointwise),186,0.66129032,186,0.66129032,32,0.4375,186,0.66129032,154,0.70779221,186,0.66129032,186,0.66129032,186,0.66129032,186,0.66129032,186,0.66129032,186,0.66129032,186,0.66129032,186,0.66129032,186,0.66129032,186,0.66129032,186,0.66129032,186,0.66129032,186,0.66129032,186,0.66129032,186,0.66129032,186,0.66129032,,176.7,0.652425899,33.91916862,0.050335362,186,0.66129032,186,0.66129032,186,0.66129032,186,0.70779221,32,0.4375
59,Q.D.KNN,229,0.45851528,229,0.45851528,115,0.67826087,229,0.45851528,229,0.45851528,229,0.45851528,229,0.45851528,229,0.45851528,229,0.45851528,229,0.45851528,229,0.45851528,168,0.31547619,175,0.45142857,229,0.45851528,229,0.45851528,229,0.45851528,229,0.45851528,229,0.45851528,229,0.45851528,229,0.45851528,229,0.45851528,,217.55,0.46199627,29.16414751,0.058547494,229,0.45851528,229,0.45851528,229,0.45851528,229,0.67826087,115,0.31547619
60,RandomForest,341,0.43108504,341,0.43108504,341,0.43108504,341,0.43108504,280,0.39285714,341,0.43108504,284,0.38028169,311,0.41157556,298,0.47315436,311,0.39228296,298,0.47986577,298,0.46308725,307,0.45276873,341,0.43108504,341,0.43108504,341,0.43108504,341,0.43108504,341,0.43108504,341,0.43108504,341,0.43108504,341,0.43108504,,323.95,0.430944697,21.97606653,0.024053993,341,0.43108504,304.75,0.43108504,341,0.43108504,341,0.47986577,280,0.38028169
61,Rank-PMBGP,40,0.675,40,0.675,40,0.675,,,40,0.675,40,0.675,40,0.675,40,0.675,40,0.675,40,0.675,40,0.675,40,0.675,40,0.675,40,0.675,40,0.675,40,0.675,40,0.675,40,0.675,40,0.675,40,0.675,40,0.675,,40,0.675,0,2.22E-16,40,0.675,40,0.675,40,0.675,40,0.675,40,0.675
62,RangAggNDCG,229,0.72052402,229,0.72052402,115,0.95652174,229,0.72052402,229,0.72052402,229,0.72052402,229,0.72052402,229,0.72052402,229,0.72052402,229,0.72052402,229,0.72052402,168,0.64285714,175,0.64,229,0.72052402,229,0.72052402,229,0.72052402,229,0.72052402,229,0.72052402,229,0.72052402,229,0.72052402,229,0.72052402,,217.55,0.724414361,29.16414751,0.058270272,229,0.72052402,229,0.72052402,229,0.72052402,229,0.95652174,115,0.64
63,RankBoost,942,0.33121019,911,0.33918771,788,0.37436548,895,0.33519553,827,0.34703748,914,0.31619256,832,0.27644231,887,0.30439684,860,0.35697674,887,0.32807215,860,0.35348837,861,0.30662021,871,0.34328358,938,0.33049041,942,0.33121019,942,0.33121019,942,0.33121019,933,0.32904609,936,0.32692308,936,0.33333333,936,0.33333333,,894.9,0.331400789,44.68321833,0.020110687,903,0.33121019,860.75,0.327784883,936,0.340211678,942,0.37436548,788,0.27644231
64,RankCSA,36,0.91666667,21,0.85714286,36,0.91666667,36,0.91666667,36,0.91666667,36,0.91666667,36,0.91666667,36,0.91666667,36,0.91666667,36,0.91666667,36,0.91666667,15,1,36,0.91666667,36,0.91666667,36,0.91666667,36,0.91666667,36,0.91666667,36,0.91666667,36,0.91666667,36,0.91666667,36,0.91666667,,34.2,0.917857146,5.482700065,0.0228683,36,0.91666667,36,0.91666667,36,0.91666667,36,1,15,0.85714286
65,RankDE,40,0.625,40,0.625,40,0.625,,,40,0.625,40,0.625,40,0.625,40,0.625,40,0.625,40,0.625,40,0.625,40,0.625,40,0.625,40,0.625,40,0.625,40,0.625,40,0.625,40,0.625,40,0.625,40,0.625,40,0.625,,40,0.625,0,0,40,0.625,40,0.625,40,0.625,40,0.625,40,0.625
66,RCP,104,0.52884615,71,0.50704225,104,0.52884615,64,0.4375,104,0.52884615,73,0.63013699,104,0.52884615,104,0.52884615,104,0.52884615,104,0.52884615,104,0.52884615,104,0.52884615,104,0.52884615,104,0.52884615,104,0.52884615,104,0.52884615,104,0.52884615,104,0.52884615,104,0.52884615,104,0.52884615,104,0.52884615,,98.8,0.52825319,12.46835996,0.030880683,104,0.52884615,104,0.52884615,104,0.52884615,104,0.63013699,64,0.4375
67,RankMGP,18,0.22222222,18,0.22222222,18,0.22222222,18,0.22222222,18,0.22222222,18,0.22222222,18,0.22222222,18,0.22222222,18,0.22222222,18,0.22222222,18,0.22222222,18,0.22222222,,,18,0.22222222,18,0.22222222,18,0.22222222,18,0.22222222,18,0.22222222,18,0.22222222,18,0.22222222,18,0.22222222,,18,0.22222222,0,2.78E-17,18,0.22222222,18,0.22222222,18,0.22222222,18,0.22222222,18,0.22222222
68,RankNet,173,0.38150289,173,0.38150289,173,0.38150289,173,0.38150289,90,0.34444444,173,0.38150289,173,0.38150289,173,0.38150289,173,0.38150289,173,0.38150289,173,0.38150289,113,0.32743363,173,0.38150289,173,0.38150289,173,0.38150289,158,0.41772152,158,0.41772152,164,0.40243902,167,0.38323353,173,0.38150289,173,0.38150289,,163.6,0.381701706,21.55087005,0.019184522,173,0.38150289,166.25,0.38150289,173,0.38150289,173,0.41772152,90,0.32743363
69,RankRLS,38,0.36842105,38,0.36842105,38,0.36842105,38,0.36842105,38,0.36842105,38,0.36842105,38,0.36842105,38,0.36842105,38,0.36842105,38,0.36842105,38,0.36842105,16,0.1875,22,0.5,38,0.36842105,38,0.36842105,38,0.36842105,38,0.36842105,38,0.36842105,38,0.36842105,38,0.36842105,38,0.36842105,,36.1,0.365953945,5.778408085,0.049961843,38,0.36842105,38,0.36842105,38,0.36842105,38,0.5,16,0.1875
70,RankSVM,638,0.37460815,847,0.36599764,734,0.4359673,841,0.34482759,773,0.33635188,850,0.37176471,778,0.38303342,833,0.34333733,806,0.34367246,833,0.37334934,806,0.37593052,825,0.36363636,888,0.36486486,884,0.36538462,888,0.36486486,873,0.36426117,873,0.36426117,879,0.35836177,882,0.361678,882,0.36281179,882,0.36054422,,842.85,0.365245051,43.43187194,0.019787573,848.5,0.36426117,820.25,0.359998608,882,0.367439408,888,0.4359673,734,0.33635188
71,RankSVM-Primal,690,0.4115942,690,0.4115942,536,0.39925373,690,0.4115942,575,0.36173913,690,0.4115942,580,0.47068966,635,0.40629921,608,0.41447368,635,0.3984252,608,0.42927632,690,0.4115942,653,0.41194487,690,0.4115942,690,0.4115942,690,0.4115942,690,0.4115942,690,0.4115942,690,0.4115942,690,0.4115942,690,0.4115942,,655.5,0.41156161,48.01197767,0.018238145,690,0.4115942,628.25,0.4115942,690,0.4115942,690,0.47068966,536,0.36173913
72,RankSVM-Struct,805,0.39254658,805,0.39254658,651,0.3625192,805,0.39254658,690,0.35507246,805,0.39254658,695,0.42589928,750,0.39333333,723,0.38450899,750,0.38666667,723,0.40248963,724,0.39917127,734,0.41961853,805,0.39254658,805,0.39254658,805,0.39254658,805,0.39254658,805,0.39254658,805,0.39254658,805,0.39254658,805,0.39254658,,764.75,0.392364587,48.85680608,0.014820813,805,0.39254658,723.75,0.39254658,805,0.392743268,805,0.42589928,651,0.35507246
73,RE-QR,179,0.86592179,179,0.86592179,141,0.85106383,179,0.86592179,147,0.85714286,179,0.86592179,145,0.87586207,163,0.85276074,157,0.86624204,164,0.86585366,157,0.89171975,179,0.86592179,179,0.86592179,179,0.86592179,179,0.86592179,179,0.86592179,179,0.86592179,179,0.86592179,179,0.86592179,179,0.86592179,179,0.86592179,,170.05,0.865881411,13.17374282,0.007859581,179,0.86592179,161.5,0.86592179,179,0.86592179,179,0.89171975,141,0.85106383
74,REG-SHG-SDCG,118,0.5,118,0.5,,,118,0.5,118,0.5,118,0.5,118,0.5,118,0.5,118,0.5,118,0.5,118,0.5,118,0.5,118,0.5,118,0.5,118,0.5,118,0.5,118,0.5,118,0.5,118,0.5,118,0.5,118,0.5,,118,0.5,0,0,118,0.5,118,0.5,118,0.5,118,0.5,118,0.5
75,Regression,771,0.08300908,771,0.08300908,617,0.09886548,771,0.08300908,656,0.05945122,771,0.08300908,661,0.07110439,716,0.08938547,689,0.09143687,716,0.08938547,689,0.09288824,690,0.08550725,734,0.06948229,771,0.08300908,771,0.08300908,771,0.08300908,771,0.08300908,771,0.08300908,771,0.08300908,771,0.08300908,771,0.08300908,,732.45,0.083030328,48.34612187,0.008328469,771,0.08300908,689.75,0.08300908,771,0.086476805,771,0.09886548,617,0.05945122
76,RSRank,389,0.59897172,389,0.59897172,235,0.66808511,389,0.59897172,389,0.59897172,389,0.59897172,389,0.59897172,389,0.59897172,307,0.53094463,389,0.59897172,307,0.57654723,389,0.59897172,318,0.63522013,389,0.59897172,389,0.59897172,389,0.59897172,389,0.59897172,389,0.59897172,389,0.59897172,389,0.59897172,389,0.59897172,,369.55,0.599717231,41.61667334,0.023674918,389,0.59897172,389,0.59897172,389,0.59897172,389,0.66808511,235,0.53094463
77,SmoothGrad,13,0.38461538,13,0.38461538,13,0.38461538,13,0.38461538,13,0.38461538,13,0.38461538,13,0.38461538,13,0.38461538,13,0.38461538,13,0.38461538,13,0.38461538,13,0.38461538,13,0.38461538,13,0.38461538,9,0.33333333,13,0.38461538,13,0.38461538,4,0.5,13,0.38461538,13,0.38461538,13,0.38461538,,12.35,0.387820509,2.104162541,0.02805174,13,0.38461538,13,0.38461538,13,0.38461538,13,0.5,4,0.33333333
78,SmoothRank,653,0.60030628,653,0.60030628,499,0.60521042,653,0.60030628,538,0.63197026,653,0.60030628,543,0.62615101,598,0.59197324,571,0.60420315,598,0.58026756,571,0.56742557,653,0.60030628,653,0.60030628,653,0.60030628,653,0.60030628,653,0.60030628,653,0.60030628,653,0.60030628,653,0.60030628,653,0.60030628,653,0.60030628,,620.35,0.600559143,48.58937641,0.01276841,653,0.60030628,591.25,0.60030628,653,0.60030628,653,0.63197026,499,0.56742557
79,SoftRank,116,0.37068966,116,0.37068966,,,116,0.37068966,116,0.37068966,116,0.37068966,116,0.37068966,116,0.37068966,116,0.37068966,116,0.37068966,116,0.37068966,116,0.37068966,116,0.37068966,116,0.37068966,116,0.37068966,116,0.37068966,116,0.37068966,116,0.37068966,116,0.37068966,116,0.37068966,116,0.37068966,,116,0.37068966,0,0,116,0.37068966,116,0.37068966,116,0.37068966,116,0.37068966,116,0.37068966
80,SortNet,239,0.47698745,239,0.47698745,123,0.59349593,215,0.46976744,207,0.5410628,221,0.43438914,205,0.40487805,239,0.47698745,239,0.47698745,239,0.47698745,239,0.47698745,239,0.47698745,239,0.47698745,239,0.47698745,239,0.47698745,224,0.46875,224,0.46875,239,0.47698745,239,0.47698745,239,0.47698745,239,0.47698745,,226.3,0.479096511,26.22994472,0.03520876,239,0.47698745,223.25,0.475182448,239,0.47698745,239,0.59349593,123,0.40487805
81,SparseRank,319,0.81191223,319,0.81191223,203,0.82758621,319,0.81191223,236,0.81355932,319,0.81191223,319,0.81191223,319,0.81191223,259,0.77992278,319,0.81191223,259,0.83011583,319,0.81191223,319,0.81191223,319,0.81191223,319,0.81191223,319,0.81191223,319,0.81191223,319,0.81191223,319,0.81191223,319,0.81191223,319,0.81191223,,303.05,0.812088991,33.50891672,0.008951139,319,0.81191223,319,0.81191223,319,0.81191223,319,0.83011583,203,0.77992278
82,RankBoost (SVD),104,0.47115385,71,0.45070423,104,0.47115385,64,0.609375,104,0.47115385,73,0.36986301,104,0.47115385,104,0.47115385,104,0.47115385,104,0.47115385,104,0.47115385,104,0.47115385,104,0.47115385,104,0.47115385,104,0.47115385,104,0.47115385,104,0.47115385,104,0.47115385,104,0.47115385,104,0.47115385,104,0.47115385,,98.8,0.471977885,12.46835996,0.038580777,104,0.47115385,104,0.47115385,104,0.47115385,104,0.609375,64,0.36986301
83,SVM-MAP,737,0.34599729,722,0.34764543,583,0.39279588,721,0.34257975,622,0.34726688,724,0.34392265,627,0.39712919,682,0.32111437,655,0.32061069,682,0.35630499,655,0.30229008,697,0.34289813,737,0.34599729,737,0.34599729,737,0.34599729,737,0.34599729,737,0.34599729,737,0.34599729,737,0.34599729,737,0.34599729,737,0.34599729,,700.15,0.346426683,46.70682498,0.020138292,723,0.34599729,675.25,0.34366652,737,0.346314688,737,0.39712919,583,0.30229008
84,SwarmRank,40,0.125,40,0.125,40,0.125,,,40,0.125,40,0.125,40,0.125,40,0.125,40,0.125,40,0.125,40,0.125,40,0.125,40,0.125,40,0.125,40,0.125,40,0.125,40,0.125,40,0.125,40,0.125,40,0.125,40,0.125,,40,0.125,0,0,40,0.125,40,0.125,40,0.125,40,0.125,40,0.125
85,TGRank,389,0.52956298,389,0.52956298,235,0.47234043,389,0.52956298,389,0.52956298,389,0.52956298,389,0.52956298,389,0.52956298,307,0.50488599,389,0.52956298,307,0.51791531,389,0.52956298,318,0.60691824,389,0.52956298,389,0.52956298,389,0.52956298,389,0.52956298,389,0.52956298,389,0.52956298,389,0.52956298,389,0.52956298,,369.55,0.528753383,41.61667334,0.022349239,389,0.52956298,389,0.52956298,389,0.52956298,389,0.60691824,235,0.47234043
86,TM,99,0.65656566,66,0.62121212,99,0.65656566,63,0.63492063,99,0.65656566,69,0.71014493,99,0.65656566,99,0.65656566,99,0.65656566,99,0.65656566,99,0.65656566,99,0.65656566,99,0.65656566,99,0.65656566,99,0.65656566,99,0.65656566,99,0.65656566,99,0.65656566,99,0.65656566,99,0.65656566,99,0.65656566,,94.05,0.656394695,11.82148468,0.015146837,99,0.65656566,99,0.65656566,99,0.65656566,99,0.71014493,63,0.62121212
87,VFLR,39,0.97435897,39,0.97435897,39,0.97435897,39,0.97435897,39,0.97435897,39,0.97435897,39,0.97435897,39,0.97435897,39,0.97435897,39,0.97435897,39,0.97435897,18,1,21,0.95238095,39,0.97435897,39,0.97435897,39,0.97435897,39,0.97435897,39,0.97435897,39,0.97435897,39,0.97435897,39,0.97435897,,37.05,0.974542121,5.869199264,0.007549255,39,0.97435897,39,0.97435897,39,0.97435897,39,1,18,0.95238095
